﻿[
    // Malphas
    {
        "name": "djump",
        "type": "toggle",
        "img": "images/djump.png",
        "codes": "djump"
    },
    // Balore
    {
        "name": "balore",
        "type": "toggle",
        "img": "images/balore.png",
        "codes": "balore"
    },
    // Bat
    {
        "name": "bat",
        "type": "toggle",
        "img": "images/bat.png",
        "codes": "bat"
    },
    // Black Panther
    {
        "name": "blackp",
        "type": "toggle",
        "img": "images/blackp.png",
        "codes": "blackp"
    },
    // Books
    {
        "name": "bookblue",
        "type": "progressive_toggle",
        "stages": [
            {
                "img": "images/bookblue.png",
                "codes": "bookblue"
            },
            {
                "img": "images/bookbluesoul.png",
                "disabled_img": "images/bookblue.png",
                "disabled_img_mods": "",
                "codes": "bookblue",
                "secondary_codes": "soulblue"
            }
        ]
    },

    {
        "name": "bookred",
        "type": "progressive_toggle",
        "stages": [
            {
                "img": "images/bookred.png",
                "codes": "bookred"
            },
            {
                "img": "images/bookredsoul.png",
                "disabled_img": "images/bookred.png",
                "disabled_img_mods": "",
                "codes": "bookred",
                "secondary_codes": "soulred"
            }
        ]
    },

    {
        "name": "bookyellow",
        "type": "progressive_toggle",
        "stages": [
            {
                "img": "images/bookyellow.png",
                "codes": "bookyellow"
            },
            {
                "img": "images/bookyellowsoul.png",
                "disabled_img": "images/bookyellow.png",
                "disabled_img_mods": "",
                "codes": "bookyellow",
                "secondary_codes": "soulyellow"
            }
        ]
    },
    // Creaking skull
    {
        "name": "creaking",
        "type": "toggle",
        "img": "images/creaking.png",
        "codes": "creaking"
    },

    // Slide
    {
        "name": "slide",
        "type": "toggle",
        "img": "images/crouch.png",
        "codes": "slide"
    },

    // Death
    {
        "name": "death",
        "type": "toggle",
        "img": "images/death.png",
        "codes": "death"
    },

    // Divekick
    {
        "name": "divekick",
        "type": "toggle",
        "img": "images/divekick.png",
        "codes": "divekick"
    },
    // Backdash
    {
        "name": "backDash",
        "type": "toggle",
        "img": "images/backdash.png",
        "codes": "backdash"


    },
    // Flying armor
    {
        "name": "flyingarmor",
        "type": "toggle",
        "img": "images/flyingarmor.png",
        "codes": "flyingarmor"
    },

    // galamoth
    {
        "name": "Galamoth",
        "type": "toggle",
        "img": "images/galamoth.png",
        "codes": "galamoth"
    },
    // golem
    {
        "name": "Golem",
        "type": "toggle",
        "img": "images/golem.png",
        "codes": "golem"
    },

    // graham
    {
        "name": "Graham",
        "type": "toggle",
        "img": "images/graham.png",
        "codes": "graham"

    },


    // Hammer
    {
        "name": "hammer",
        "type": "toggle",
        "img": "images/hammer.png",
        "codes": "hammer"

    },

    // Headhunter
    {
        "name": "Headhunter",
        "type": "toggle",
        "img": "images/headhunter.png",
        "codes": "headhunter"
    },
    // Hyppogriph
    {
        "name": "Hyppogriph",
        "type": "toggle",
        "img": "images/hyppogriph.png",
        "codes": "hyppogriph"
    },
    // Julius
    {
        "name": "Julius",
        "type": "toggle",
        "img": "images/julius.png",
        "codes": "julius"
    },
    // Legion
    {
        "name": "Legion",
        "type": "toggle",
        "img": "images/legion.png",
        "codes": "legion"
    },
    // Manticore
    {
        "name": "Manticore",
        "type": "toggle",
        "img": "images/manticore.png",
        "codes": "manticore"
    },

    // Rush
    {
        "name": "rush",
        "type": "toggle",
        "img": "images/rush.png",
        "codes": "rush"
    },
    // skula
    {
        "name": "skula",
        "type": "toggle",
        "img": "images/skula.png",
        "codes": "skula"
    },
    // Undine
    {
        "name": "Undine",
        "type": "toggle",
        "img": "images/undine.png",
        "codes": "undine"
    },
    {
        "name": "Silver Soul Container",
        "type": "toggle",
        "img": "images/silver_soul.png",
        "codes": "silversoul"
    },
    {
        "name": "Blue Soul Container",
        "type": "toggle",
        "img": "images/blue_soul.png",
        "codes": "bluesoul"
    },
    {
        "name": "Red Soul Container",
        "type": "toggle",
        "img": "images/red_soul.png",
        "codes": "redsoul"
    },
    {
        "name": "Yellow Soul Container",
        "type": "toggle",
        "img": "images/yellow_soul.png",
        "codes": "yellowsoul"
    },
    {
        "name": "Weapon",
        "type": "toggle",
        "img": "images/claimh_solais.png",
        "codes": "weapon"
    },
    {
        "name": "Armor",
        "type": "toggle",
        "img": "images/deaths_robe.png",
        "codes": "armor"
    },
    {
        "name": "Ring",
        "type": "toggle",
        "img": "images/chaos_ring.png",
        "codes": "ring"
    }
]