﻿{
   "tracker_broadcast":{
      "type":"array",
      "dropshadow":true,
      "margin":"10",
      "content":[
         {
            "type":"array",
            "orientation":"vertical",
            "margin":"0,0",
            "content":[
               {
                  "type":"array",
                  "orientation":"horizontal",
                  "margin":"0,0",
                  "content":[
                     {
                        "type":"itemgrid",
                        "item_margin":"6,1",
                        "h_alignment":"left",
                        "rows":[
                           [
                              "backdash",
                              "djump",
                              "hyppogriph",
                              "bookblue"
                           ],
                           [
                              "blackp",
                              "slide",
                              "divekick",
                              "bookred"
                           ],
                           [
                              "flyingarmor",
                              "skula",
                              "undine",
                              "bookyellow"
                           ],
                           [
                              "rush",
                              "galamoth",
                              "bat",
                              "graham"
                           ]
                        ]
                     }
                  ]
               }
            ]
         }
      ]
   }
}