﻿[
    {
        "name": "castle",
        "location_size": 40,
        "location_border_thickness": 5,
        "img": "images/castle.jpg"
    },

    {
        "name": "ingame",
        "location_size": 40,
        "location_border_thickness": 5,
        "img": "images/alternatemap.png"
    },
    {
        "name": "arena",
        "location_size": 40,
        "location_border_thickness": 5,
        "img": "images/arena.png"
    },
    {
        "name": "chapel",
        "location_size": 40,
        "location_border_thickness": 5,
        "img": "images/chapel.png"
    },
    {
        "name": "clock",
        "location_size": 40,
        "location_border_thickness": 5,
        "img": "images/clock.png"
    },
    {
        "name": "corridor",
        "location_size": 40,
        "location_border_thickness": 5,
        "img": "images/corridor.png"
    },
    {
        "name": "dancehall",
        "location_size": 40,
        "location_border_thickness": 5,
        "img": "images/dancehall.png"
    },
    {
        "name": "floating",
        "location_size": 40,
        "location_border_thickness": 5,
        "img": "images/floating.png"
    },
    {
        "name": "forbidden",
        "location_size": 40,
        "location_border_thickness": 5,
        "img": "images/forbidden.png"
    },
    {
        "name": "inner",
        "location_size": 40,
        "location_border_thickness": 5,
        "img": "images/Inner.png"
    },
    {
        "name": "reservoir",
        "location_size": 40,
        "location_border_thickness": 5,
        "img": "images/reservoir.png"
    },
    {
        "name": "study",
        "location_size": 40,
        "location_border_thickness": 5,
        "img": "images/study.png"
    },
    {
        "name": "topfloor",
        "location_size": 40,
        "location_border_thickness": 5,
        "img": "images/Topfloor.png"
    },
    {
        "name": "Chaotic Realm",
        "location_size": 40,
        "location_border_thickness": 5,
        "img": "images/chaoticrealm.jpg"
    }
]