﻿{
    "type": "array",
    "orientation": "vertical",
    "margin": "0,0",
    "content": [
        {
            "type": "array",
            "orientation": "horizontal",
            "margin": "0,0",
            "content": [
                {
                    "type": "itemgrid",
                    "item_margin": "6,1",
                    "h_alignment": "left",
                    "rows": [
                        [ "backdash", "djump", "hyppogriph", "bookblue", "bookred", "bookyellow" ],
                        [ "blackp", "slide", "divekick", "creaking", "manticore", "hammer" ],
                        [ "flyingarmor", "skula", "undine", "golem", "death", "legion" ],
                        [ "rush", "galamoth", "bat", "balore", "headhunter", "graham" ]
                    ]
                }
            ]
        }
    ]
}