﻿[

    {
        "name": "Castle corridor",
        "color": "#934f17",
        "children": [
            {
                "name": "Entrance towers",
                "access_rules": [ "djump", "bat", "hyppogriph" ],
                "sections": [
                    {
                        "name": "Check it",
                        "access_rules": [ "{djump}", "bat", "hyppogriph" ],
                        "item_count": 1
                    }
                ],
                "map_locations": [
                    {
                        "map": "castle",
                        "x": 297,
                        "y": 1405
                    }
                ]
            },
            {
                "name": "Entrance towers",
                "access_rules": [ "djump", "bat", "hyppogriph" ],
                "sections": [
                    {
                        "name": "Cestus",
                        "item_count": 1
                    }
                ],
                "map_locations": [
                    {
                        "map": "castle",
                        "x": 361,
                        "y": 1445
                    }
                ]
            },
            {
                "name": "Castle Entrance",
                "access_rules": [ "djump", "bat", "hyppogriph" ],
                "sections": [
                    {
                        "name": "Mina's Treasure",
                        "item_count": 1
                    }
                ],
                "map_locations": [
                    {
                        "map": "castle",
                        "x": 117,
                        "y": 1441
                    }
                ]
            },
            {
                "name": "Creaking Reward",
                "color": "#aa860d",
                "sections": [
                    {
                        "name": "CastleMap 1",
                        "item_count": 1
                    }
                ],
                "map_locations": [
                    {
                        "map": "castle",
                        "x": 1253,
                        "y": 1585
                    }
                ]
            },
            {
                "name": "First Secret Room",
                "color": "#aa860d",
                "sections": [
                    {
                        "name": "Hopefully something good",
                        "item_count": 1
                    }
                ],
                "map_locations": [
                    {
                        "map": "castle",
                        "x": 1141,
                        "y": 1665
                    }
                ]
            },
            {
                "name": "Long Swim",
                "color": "#aa860d",
                "sections": [
                    {
                        "name": "Flying armor",
                        "item_count": 1
                    }
                ],
                "map_locations": [
                    {
                        "map": "castle",
                        "x": 1577,
                        "y": 1649
                    }
                ]
            },
            //  First three items room
            {
                "name": "Corridor entrance",
                "sections": [
                    {
                        "name": "Top",
                        "item_count": 1
                    },
                    {
                        "name": "Short sword",
                        "item_count": 1
                    },
                    {
                        "name": "Merman Pond",
                        "item_count": 1
                    }
                ],
                "map_locations": [
                    {
                        "map": "castle",
                        "x": 593,
                        "y": 1645
                    }
                ]
            },
            {
                "name": "White dragon room",
                "sections": [
                    {
                        "name": "Potion",
                        "access_rules": [ "djump", "bat", "hyppogriph", "flyingarmor", "blackp" ],
                        "item_count": 1
                    }
                ],
                "map_locations": [
                    {
                        "map": "castle",
                        "x": 1285,
                        "y": 1253
                    }
                ]
            },
            {
                "name": "Under the inner quarters",
                "sections": [
                    {
                        "name": "Left side of the room",
                        "access_rules": [ "djump", "bat", "hyppogriph", "flyingarmor", "blackp" ],
                        "item_count": 1
                    },
                    {
                        "name": "Right side of the room",
                        "access_rules": [ "djump", "bat", "hyppogriph", "flyingarmor", "blackp" ],
                        "item_count": 1
                    }
                ],
                "map_locations": [
                    {
                        "map": "castle",
                        "x": 1441,
                        "y": 1197
                    }
                ]
            },
            {
                "name": "Dance Hall Tower",
                "sections": [
                    {
                        "name": "Spear",
                        "access_rules": [ "{djump}", "bat", "hyppogriph", "divekick", "blackp", "djump,flyingarmor", "djump,divekick" ],
                        "item_count": 1
                    }
                ],
                "map_locations": [
                    {
                        "map": "castle",
                        "x": 905,
                        "y": 1485
                    }
                ]
            },
            {

                "name": "Scarf room",
                "sections": [
                    {
                        "name": "Scarf",
                        "access_rules": [ "djump", "bat", "hyppogriph", "flyingarmor", "blackp" ],
                        "item_count": 1
                    }
                ],
                "map_locations": [
                    {
                        "map": "castle",
                        "x": 2025,
                        "y": 1173
                    }
                ]
            },
            {

                "name": "Catoblepas room",
                "sections": [
                    {
                        "name": "flying armor jump <3",
                        "access_rules": [ "djump", "bat", "hyppogriph", "backdash,flyingarmor", "blackp", "[flyingarmor]" ],
                        "item_count": 1
                    }
                ],
                "map_locations": [
                    {
                        "map": "castle",
                        "x": 2025,
                        "y": 1100
                    }
                ]
            },
            {

                "name": "Fire armor",
                "sections": [
                    {
                        "name": "accessible early",
                        "access_rules": [ "djump", "bat", "hyppogriph", "flyingarmor", "blackp" ],
                        "item_count": 1
                    }
                ],
                "map_locations": [
                    {
                        "map": "castle",
                        "x": 1821,
                        "y": 1100
                    }
                ]
            },
            {

                "name": "Fire armor",
                "sections": [
                    {
                        "name": "Accessible late",
                        "access_rules": [
                            "bat",
                            "hyppogriph",
                            "{djump}",
                            "{flyingarmor}",
                            "{blackp}"
                        ],
                        "item_count": 1
                    }
                ],
                "map_locations": [
                    {
                        "map": "castle",
                        "x": 1793,
                        "y": 1100
                    }
                ]
            },
            {

                "name": "Corridor outside",
                "sections": [
                    {
                        "name": "Bat needed",
                        "access_rules": [ "bat", "{djump}", "{hyppogriph}", "{flyingarmor}", "{blackp}" ],
                        "item_count": 1
                    }
                ],
                "map_locations": [
                    {
                        "map": "castle",
                        "x": 2889,
                        "y": 1229
                    }
                ]
            },
            {

                "name": "Merman corridor",
                "sections": [
                    {
                        "name": "entrance",
                        "access_rules": [ "djump", "bat", "hyppogriph", "flyingarmor", "blackp" ],
                        "item_count": 1
                    }
                ],
                "map_locations": [
                    {
                        "map": "castle",
                        "x": 2921,
                        "y": 1393
                    }
                ]
            },
            {

                "name": "Merman corridor",
                "sections": [
                    {
                        "name": "Dead end",
                        "access_rules": [ "djump", "bat", "hyppogriph", "flyingarmor", "blackp" ],
                        "item_count": 1
                    }
                ],
                "map_locations": [
                    {
                        "map": "castle",
                        "x": 2469,
                        "y": 1393
                    }
                ]
            }
        ]
    },
    {
        "name": "Underground reservoir",
        "color": "#158134",
        "children": [
            {
                //  Reservoir items
                "name": "Reservoir entrance",
                "color": "#aa860d",
                "sections": [
                    {
                        "name": "Pendant",
                        "item_count": 1
                    }
                ],
                "map_locations": [
                    {
                        "map": "castle",
                        "x": 401,
                        "y": 1737
                    }
                ]
            },
            {
                "name": "Underground reservoir",
                "sections": [
                    {
                        "name": "Rahab's Sword",
                        "access_rules": [ "djump,skula" ],
                        "item_count": 1
                    }
                ],
                "map_locations": [
                    {
                        "map": "castle",
                        "x": 1073,
                        "y": 1845
                    }
                ]
            },
            {
                "name": "Merman party",
                "sections": [
                    {
                        "name": "Elfin robe",
                        "access_rules": [ "djump,undine", "bat", "hyppogriph" ],
                        "item_count": 1
                    }
                ],
                "map_locations": [
                    {
                        "map": "castle",
                        "x": 921,
                        "y": 1689
                    }
                ]
            },
            {
                "name": "Underground reservoir",
                "sections": [
                    {
                        "name": "Potion",
                        "access_rules": [ "djump,skula" ],
                        "item_count": 1
                    }
                ],
                "map_locations": [
                    {
                        "map": "castle",
                        "x": 1477,
                        "y": 1861
                    }
                ]
            },
            {
                "name": "Underground reservoir",
                "sections": [
                    {
                        "name": "Milican sword",
                        "access_rules": [ "djump,skula" ],
                        "item_count": 1
                    }
                ],
                "map_locations": [
                    {
                        "map": "castle",
                        "x": 1902,
                        "y": 1649
                    }
                ]
            },
            {
                "name": "Underground reservoir",
                "sections": [
                    {
                        "name": "Above the waterfall",
                        "access_rules": [ "djump,skula" ],
                        "item_count": 1
                    }
                ],
                "map_locations": [
                    {
                        "map": "castle",
                        "x": 2281,
                        "y": 1761
                    }
                ]
            },
            {
                "name": "Underground reservoir",
                "sections": [
                    {
                        "name": "Demon's treasure",
                        "access_rules": [ "djump,skula" ],
                        "item_count": 1
                    }
                ],
                "map_locations": [
                    {
                        "map": "castle",
                        "x": 2249,
                        "y": 1581
                    }
                ]
            },
            {
                "name": "Underground reservoir",
                "sections": [
                    {
                        "name": "Yellow book",
                        "access_rules": [ "djump,skula" ],
                        "item_count": 1
                    }
                ],
                "map_locations": [
                    {
                        "map": "castle",
                        "x": 2561,
                        "y": 1553
                    }
                ]
            },
            {
                "name": "Underground reservoir",
                "sections": [
                    {
                        "name": "Rare ring",
                        "access_rules": [ "djump,skula" ],
                        "item_count": 1
                    }
                ],
                "map_locations": [
                    {
                        "map": "castle",
                        "x": 2781,
                        "y": 1649
                    }
                ]
            },
            {
                "name": "Underground reservoir",
                "sections": [
                    {
                        "name": "Air bubble in the cave",
                        "access_rules": [ "djump,skula" ],
                        "item_count": 1
                    }
                ],
                "map_locations": [
                    {
                        "map": "castle",
                        "x": 2473,
                        "y": 1693
                    }
                ]
            },
            {
                "name": "Underground reservoir",
                "sections": [
                    {
                        "name": "Waterfall room top left",
                        "access_rules": [ "djump,skula,bat", "djump,skula,hyppogriph" ],
                        "item_count": 1
                    }
                ],
                "map_locations": [
                    {
                        "map": "castle",
                        "x": 2181,
                        "y": 1849
                    }
                ]
            },
            {
                "name": "Underground reservoir",
                "sections": [
                    {
                        "name": "Handgun",
                        "access_rules": [ "djump,skula,bat", "djump,skula,hyppogriph", "{djump,skula}" ],
                        "item_count": 1
                    }
                ],
                "map_locations": [
                    {
                        "map": "castle",
                        "x": 2293,
                        "y": 1813
                    }
                ]
            },
            {
                "name": "Underground reservoir",
                "sections": [
                    {
                        "name": "Tonic",
                        "access_rules": [ "djump,skula,hyppogriph", "djump,skula,bat" ],
                        "item_count": 1
                    }
                ],
                "map_locations": [
                    {
                        "map": "castle",
                        "x": 2345,
                        "y": 1857
                    }
                ]
            },
            {
                "name": "Underground reservoir",
                "sections": [
                    {
                        "name": "Flesh golem room",
                        "access_rules": [ "djump,skula,bat", "djump,skula,hyppogriph" ],
                        "item_count": 1
                    }
                ],
                "map_locations": [
                    {
                        "map": "castle",
                        "x": 2405,
                        "y": 1997
                    }
                ]
            },
            {
                "name": "Underground reservoir",
                "sections": [
                    {
                        "name": "Osafune",
                        "access_rules": [ "djump,skula" ],
                        "item_count": 1
                    }
                ],
                "map_locations": [
                    {
                        "map": "castle",
                        "x": 2713,
                        "y": 1917
                    }
                ]
            },
            {
                "name": "Underground reservoir",
                "sections": [
                    {
                        "name": "Triton and demon room",
                        "access_rules": [ "djump,skula" ],
                        "item_count": 1
                    }
                ],
                "map_locations": [
                    {
                        "map": "castle",
                        "x": 3040,
                        "y": 2350
                    }
                ]
            },
            {
                "name": "Underground reservoir",
                "sections": [
                    {
                        "name": "Cemetary entrance",
                        "access_rules": [ "djump,skula" ],
                        "item_count": 1
                    }
                ],
                "map_locations": [
                    {
                        "map": "castle",
                        "x": 1153,
                        "y": 2513
                    }
                ]
            },
            {
                "name": "Underground reservoir",
                "sections": [
                    {
                        "name": "Armor of water",
                        "access_rules": [ "djump,skula" ],
                        "item_count": 1
                    }
                ],
                "map_locations": [
                    {
                        "map": "castle",
                        "x": 2205,
                        "y": 2297
                    }
                ]
            },
            {
                "name": "Underground reservoir",
                "sections": [
                    {
                        "name": "Ceiling of Triton's room",
                        "access_rules": [ "{djump,skula}","djump,skula,slide","djump,skula,bat" ],
                        "item_count": 1
                    }
                ],
                "map_locations": [
                    {
                        "map": "castle",
                        "x": 1389,
                        "y": 2277
                    }
                ]
            },
            {
                "name": "Underground reservoir",
                "sections": [
                    {
                        "name": "lots of needles",
                        "access_rules": [ "djump,skula" ],
                        "item_count": 1
                    }
                ],
                "map_locations": [
                    {
                        "map": "castle",
                        "x": 1169,
                        "y": 2361
                    }
                ]
            },
            {
                "name": "Reservoir corridor",
                "color": "#aa860d",
                "sections": [
                    {
                        "name": "Tasty meat",
                        "item_count": 1
                    }
                ],
                "map_locations": [
                    {
                        "map": "castle",
                        "x": 1133,
                        "y": 1729
                    }
                ]
            }
        ]

    },
    {
        "name": "Chapel",
        "color": "#033114",
        "children": [
            {
                "name": "Chapel Belfry",
                "sections": [
                    {
                        "name": "Lower part left",
                        "access_rules": [ "djump", "bat", "hyppogriph", "flyingarmor", "blackp" ],
                        "item_count": 1
                    }
                ],
                "map_locations": [
                    {
                        "map": "castle",
                        "x": 3197,
                        "y": 1257
                    }
                ]
            },
            {
                "name": "Chapel Belfry",
                "sections": [
                    {
                        "name": "Middle part left",
                        "access_rules": [ "djump", "bat", "hyppogriph", "flyingarmor", "blackp" ],
                        "item_count": 1
                    }
                ],
                "map_locations": [
                    {
                        "map": "castle",
                        "x": 3249,
                        "y": 1193
                    }
                ]
            },
            {
                "name": "Chapel Belfry",
                "sections": [
                    {
                        "name": "Upper part left",
                        "access_rules": [ "djump", "bat", "hyppogriph", "{flyingarmor},djump" ],
                        "item_count": 1
                    }
                ],
                "map_locations": [
                    {
                        "map": "castle",
                        "x": 3197,
                        "y": 1049
                    }
                ]
            },
            {
                "name": "Chapel Right side",
                "sections": [
                    {
                        "name": "Bone Pillar jump",
                        "access_rules": [ "djump", "bat", "hyppogriph", "flyingarmor", "blackp" ],
                        "item_count": 1
                    }
                ],
                "map_locations": [
                    {
                        "map": "castle",
                        "x": 3385,
                        "y": 1057
                    }
                ]
            },
            {
                "name": "Chapel Staircase",
                "sections": [
                    {
                        "name": "Little alcove",
                        "access_rules": [ "djump", "bat", "hyppogriph", "flyingarmor", "blackp" ],
                        "item_count": 1
                    }
                ],
                "map_locations": [
                    {
                        "map": "castle",
                        "x": 3649,
                        "y": 1321
                    }
                ]
            },
            {
                "name": "Chapel Belfry",
                "sections": [
                    {
                        "name": "Upper part left longjump",
                        "access_rules": [ "{djump},blackp", "bat", "hyppogriph", "{flyingarmor},djump", "{flyingarmor}", "[djump]","djump,backdash" ],
                        "item_count": 1
                    }
                ],
                "map_locations": [
                    {
                        "map": "castle",
                        "x": 3257,
                        "y": 1045
                    }
                ]
            },
            {
                "name": "Manticore Chapel",
                "sections": [
                    {
                        "name": "Skeleton knight's secret",
                        "access_rules": [ "djump", "bat", "hyppogriph", "flyingarmor", "blackp" ],
                        "item_count": 1
                    }
                ],
                "map_locations": [
                    {
                        "map": "castle",
                        "x": 3509,
                        "y": 1513
                    }
                ]
            },
            {
                "name": "Manticore Chapel",
                "sections": [
                    {
                        "name": "Skeleton knight's secret's secret",
                        "access_rules": [ "djump", "bat", "hyppogriph", "flyingarmor", "blackp" ],
                        "item_count": 1
                    }
                ],
                "map_locations": [
                    {
                        "map": "castle",
                        "x": 3509,
                        "y": 1469
                    }
                ]
            },
            {
                "name": "Dancer's Chapel",
                "sections": [
                    {
                        "name": "Une room",
                        "access_rules": [ "djump", "bat", "hyppogriph", "flyingarmor", "blackp" ],
                        "item_count": 1
                    }
                ],
                "map_locations": [
                    {
                        "map": "castle",
                        "x": 3101,
                        "y": 1441
                    }
                ]
            },
            {
                "name": "Manticore Chapel",
                "sections": [
                    {
                        "name": "Vanilla Book location",
                        "access_rules": [ "bat", "hyppogriph", "[],blackp,djump" ],
                        "item_count": 1
                    }
                ],
                "map_locations": [
                    {
                        "map": "castle",
                        "x": 3425,
                        "y": 1369
                    }
                ]
            },
            {
                "name": "Dancers' Chapel",
                "sections": [
                    {
                        "name": "Long jump",
                        "access_rules": [
                            "djump",
                            "hyppogriph",
                            "bat",
                            "djump,blackp" 
                        ],
                        "item_count": 1
                    }
                ],
                "map_locations": [
                    {
                        "map": "castle",
                        "x": 3269,
                        "y": 1377
                    }
                ]
            },
            {
                "name": "Chapel Belfry",
                "sections": [
                    {
                        "name": "Upper Part Right",
                        "access_rules": [ "djump", "bat", "hyppogriph", "flyingarmor", "blackp" ],
                        "item_count": 1
                    }
                ],
                "map_locations": [
                    {
                        "map": "castle",
                        "x": 3625,
                        "y": 1217
                    }
                ]
            }

        ]
    },
    {
        "name": "Study",
        "color": "#158134",
        "children": [
            {
                "name": "Bastard sword room",
                "sections": [
                    {
                        "name": "Bastard sword",
                        "access_rules": [ "djump", "bat", "hyppogriph", "flyingarmor", "blackp" ],
                        "item_count": 1
                    }
                ],
                "map_locations": [
                    {
                        "map": "castle",
                        "x": 3249,
                        "y": 1737
                    }
                ]
            },
            {
                "name": "Study",
                "sections": [
                    {
                        "name": "Double jump checkable room",
                        "access_rules": [ "djump", "bat", "hyppogriph" ],
                        "item_count": 1
                    }
                ],
                "map_locations": [
                    {
                        "map": "castle",
                        "x": 3497,
                        "y": 1665
                    }
                ]
            },
            {
                "name": "Butchers' room",
                "sections": [
                    {
                        "name": "Some healing item",
                        "access_rules": [ "djump", "bat", "hyppogriph", "flyingarmor", "blackp" ],
                        "item_count": 1
                    }
                ],
                "map_locations": [
                    {
                        "map": "castle",
                        "x": 3125,
                        "y": 1773
                    }
                ]
            },
            {
                "name": "Study's back room",
                "sections": [
                    {
                        "name": "Push the crate to the right",
                        "access_rules": [ "djump", "bat", "hyppogriph" ],
                        "item_count": 1
                    }
                ],
                "map_locations": [
                    {
                        "map": "castle",
                        "x": 3485,
                        "y": 1773
                    }
                ]
            },
            {
                "name": "Study's back room",
                "sections": [
                    {
                        "name": "Drop the crate",
                        "access_rules": [ "djump", "bat", "hyppogriph", "{flyingarmor}", "{blackp}" ],
                        "item_count": 1
                    }
                ],
                "map_locations": [
                    {
                        "map": "castle",
                        "x": 3573,
                        "y": 1821
                    }
                ]
            },
            {
                "name": "Study's secret",
                "sections": [
                    {
                        "name": "Study's secret",
                        "access_rules": [ "djump", "bat", "hyppogriph", "flyingarmor", "blackp" ],
                        "item_count": 1
                    }
                ],
                "map_locations": [
                    {
                        "map": "castle",
                        "x": 2905,
                        "y": 1777
                    }
                ]
            },
            {
                "name": "Study's Hall",
                "sections": [
                    {
                        "name": "Long jump",
                        "access_rules": [ "flyingarmor", "bat", "hyppogriph", "djump,blackp" ],
                        "item_count": 1
                    }
                ],
                "map_locations": [
                    {
                        "map": "castle",
                        "x": 3069,
                        "y": 1773
                    }
                ]
            },
            {
                "name": "Study",
                "sections": [
                    {
                        "name": "Checkable stuff",
                        "access_rules": [ "{djump}", "{hyppogriph}", "{flyingarmor}", "{blackp}", "bat", "djump,slide", "hyppogriph,slide", "flyingarmor,slide", "blackp,slide" ],
                        "item_count": 1
                    }
                ],
                "map_locations": [
                    {
                        "map": "castle",
                        "x": 2981,
                        "y": 1973
                    }
                ]
            },
            {
                "name": "Hammer Room",
                "sections": [
                    {
                        "name": "Malphas",
                        "access_rules": [ "djump", "bat", "hyppogriph", "flyingarmor", "blackp" ],
                        "item_count": 1
                    }
                ],
                "map_locations": [
                    {
                        "map": "castle",
                        "x": 3125,
                        "y": 1973
                    }
                ]
            },
            {
                "name": "Backdash room",
                "sections": [
                    {
                        "name": "Skull door",
                        "access_rules": [ "[djump],backdash", "[bat],backdash", "[hyppogriph],backdash", "[flyingarmor],backdash", "[blackp],backdash" ],
                        "item_count": 1
                    }
                ],
                "map_locations": [
                    {
                        "map": "castle",
                        "x": 3481,
                        "y": 1925
                    }
                ]
            },
            {
                "name": "Above Backdash room",
                "sections": [
                    {
                        "name": "Some stuff",
                        "access_rules": [ "djump", "bat", "hyppogriph", "flyingarmor", "blackp" ],
                        "item_count": 1
                    }
                ],
                "map_locations": [
                    {
                        "map": "castle",
                        "x": 3405,
                        "y": 1901
                    }
                ]
            }
        ]
    },
    {
        "name": "Dance hall",
        "color": "#345a99",
        "children": [
            {
                // dance hall -> long jump ->  "access_rules": [ "djump,flyingarmor", "bat", "hyppogriph", "blackp,malphas" ],
                "name": "Dance Hall Main room",
                "sections": [
                    {
                        "name": "Small alcove",
                        "access_rules": [ "djump,flyingarmor,{}", "bat", "hyppogriph,slide", "blackp,djump,{}", "blackp,djump,slide", "djump,flyingarmor,slide" ],
                        "item_count": 1
                    }
                ],
                "map_locations": [
                    {
                        "map": "castle",
                        "x": 460,
                        "y": 1157
                    }
                ]
            },
            {
                // dance hall -> long jump ->  "access_rules": [ "djump,flyingarmor", "bat", "hyppogriph", "blackp,malphas" ],
                "name": "Golem fight reward",
                "sections": [
                    {
                        "name": "Tsuchinoko room",
                        "access_rules": [ "djump,flyingarmor", "bat", "hyppogriph", "blackp,djump" ],
                        "item_count": 1
                    }
                ],
                "map_locations": [
                    {
                        "map": "castle",
                        "x": 488,
                        "y": 1419
                    }
                ]
            },
            {
                "name": "Minotaur's Secret",
                "sections": [
                    {
                        "name": "Minotaur's Secret",
                        "access_rules": [ "djump,flyingarmor", "bat", "hyppogriph", "blackp,djump" ],
                        "item_count": 1
                    }
                ],
                "map_locations": [
                    {
                        "map": "castle",
                        "x": 345,
                        "y": 1058
                    }
                ]
            },
            {
                "name": "Top of Dance hall left side",
                "sections": [
                    {
                        "name": "Cato & flea",
                        "access_rules": [ "djump,flyingarmor", "bat", "hyppogriph", "blackp,djump" ],
                        "item_count": 1
                    }
                ],
                "map_locations": [
                    {
                        "map": "castle",
                        "x": 400,
                        "y": 968
                    }
                ]
            },
            {
                "name": "Top of Dance hall Right side",
                "sections": [
                    {
                        "name": "Cato & Waiter",
                        "access_rules": [ "djump,flyingarmor", "bat", "hyppogriph", "blackp,djump" ],
                        "item_count": 1
                    }
                ],
                "map_locations": [
                    {
                        "map": "castle",
                        "x": 630,
                        "y": 962
                    }
                ]
            },
            {
                "name": "Top of Dance hall ",
                "sections": [
                    {
                        "name": "Mansarde",
                        "access_rules": [ "djump,flyingarmor,divekick", "bat", "hyppogriph", "blackp,djump" ],
                        "item_count": 1
                    }
                ],
                "map_locations": [
                    {
                        "map": "castle",
                        "x": 523,
                        "y": 871
                    }
                ]
            },
            {
                "name": "Upper Secret",
                "sections": [
                    {
                        "name": "Secret room to name",
                        "access_rules": [ "djump,flyingarmor,divekick", "bat", "hyppogriph", "blackp,djump,divekick" ],
                        "item_count": 1
                    }
                ],
                "map_locations": [
                    {
                        "map": "castle",
                        "x": 909,
                        "y": 1060
                    }
                ]
            },
            {
                "name": "Dance Hall Pit",
                "sections": [
                    {
                        "name": "Dead end",
                        "access_rules": [ "djump,flyingarmor", "bat", "hyppogriph", "blackp,djump" ],
                        "item_count": 1
                    }
                ],
                "map_locations": [
                    {
                        "map": "castle",
                        "x": 539,
                        "y": 1297
                    }
                ]
            },
            {

                "name": "Dance Hall Pit",
                "sections": [
                    {
                        "name": "Small alcove",
                        "access_rules": [ "djump,flyingarmor,{}", "bat", "hyppogriph,slide", "blackp,djump,{}", "blackp,djump,slide", "djump,flyingarmor,slide" ],
                        "item_count": 1
                    }
                ],
                "map_locations": [
                    {
                        "map": "castle",
                        "x": 508,
                        "y": 1305
                    }
                ]
            }
        ]
    },
    {
        "name": "Floating gardens",
        "color": "#754607",
        "children": [
            {
                "name": "Floating Gardens",
                "sections": [
                    {
                        "name": "Scroll",
                        "access_rules": [ "djump,undine", "bat", "hyppogriph", "[],djump" ],
                        "item_count": 1
                    }
                ],
                "map_locations": [
                    {
                        "map": "castle",
                        "x": 2600,
                        "y": 1970
                    }
                ]
            },
            {
                "name": "Floating Gardens",
                "sections": [
                    {
                        "name": "Room B left",
                        "access_rules": [ "djump,undine", "bat", "hyppogriph", "[],djump" ],
                        "item_count": 1
                    }
                ],
                "map_locations": [
                    {
                        "map": "castle",
                        "x": 429,
                        "y": 389
                    }
                ]
            },
            {
                "name": "Floating Gardens",
                "sections": [
                    {
                        "name": "Room B Right",
                        "access_rules": [ "djump,undine", "bat", "hyppogriph", "[],djump" ],
                        "item_count": 1
                    }
                ],
                "map_locations": [
                    {
                        "map": "castle",
                        "x": 625,
                        "y": 377
                    }
                ]
            },
            {
                "name": "Floating Gardens",
                "sections": [
                    {
                        "name": "Room F",
                        "access_rules": [ "djump,undine", "bat", "hyppogriph", "[],djump" ],
                        "item_count": 1
                    }
                ],
                "map_locations": [
                    {
                        "map": "castle",
                        "x": 3177,
                        "y": 569
                    }
                ]
            },
            {
                "name": "Floating Gardens",
                "sections": [
                    {
                        "name": "Room D",
                        "access_rules": [ "djump,undine", "bat", "hyppogriph", "[],djump" ],
                        "item_count": 1
                    }
                ],
                "map_locations": [
                    {
                        "map": "castle",
                        "x": 3517,
                        "y": 705
                    }
                ]
            },
            {
                "name": "Floating Gardens",
                "sections": [
                    {
                        "name": "Room E",
                        "access_rules": [ "djump,undine", "bat", "hyppogriph", "[],djump" ],
                        "item_count": 1
                    }
                ],
                "map_locations": [
                    {
                        "map": "castle",
                        "x": 1005,
                        "y": 173
                    }
                ]
            }

        ]
    },
    {
        "name": "Inner quarters",
        "color": "#701d43",
        "children": [
            {
                "name": "Inner Quarters",
                "sections": [
                    {
                        "name": "inner quarters entrance",
                        "access_rules": [ "djump,flyingarmor", "bat", "hyppogriph", "blackp,djump" ],
                        "item_count": 1
                    }
                ],
                "map_locations": [
                    {
                        "map": "castle",
                        "x": 1193,
                        "y": 781
                    }
                ]
            },
            {

                "name": "Inner Quarters",
                "sections": [
                    {
                        "name": "Witch secret",
                        "access_rules": [ "djump,flyingarmor", "bat", "hyppogriph", "blackp,djump" ],
                        "item_count": 1
                    }
                ],
                "map_locations": [
                    {
                        "map": "castle",
                        "x": 1281,
                        "y": 1065
                    }
                ]
            },
            {

                "name": "Inner Quarters",
                "sections": [
                    {
                        "name": "Student Witch secret",
                        "access_rules": [ "djump,flyingarmor", "bat", "hyppogriph", "blackp,djump" ],
                        "item_count": 1
                    }
                ],
                "map_locations": [
                    {
                        "map": "castle",
                        "x": 1197,
                        "y": 1065
                    }
                ]
            },
            {

                "name": "Top of the quarters",
                "sections": [
                    {
                        "name": "Undine and hrunting",
                        "access_rules": [ "djump,flyingarmor", "bat", "hyppogriph", "blackp,djump" ],
                        "item_count": 2
                    }
                ],
                "map_locations": [
                    {
                        "map": "castle",
                        "x": 1425,
                        "y": 473
                    }
                ]
            },
            {

                "name": "Inner Quarters",
                "sections": [
                    {
                        "name": "Lilith room",
                        "access_rules": [ "djump,flyingarmor", "bat", "hyppogriph,slide", "blackp,djump" ],
                        "item_count": 1
                    }
                ],
                "map_locations": [
                    {
                        "map": "castle",
                        "x": 1649,
                        "y": 1041
                    }
                ]
            },
            {

                "name": "Inner Quarters",
                "sections": [
                    {
                        "name": "Galamoth locked",
                        "access_rules": [ "djump,flyingarmor,galamoth", "bat,galamoth", "hyppogriph,slide,galamoth", "blackp,djump,galamoth" ],
                        "item_count": 2
                    }
                ],
                "map_locations": [
                    {
                        "map": "castle",
                        "x": 957,
                        "y": 761
                    }
                ]
            }
        ]
    },
    {
        "name": "Top floor",
        "color": "#0d8452",
        "children": [
            {
                "name": "Top Floor",
                "sections": [
                    {
                        "name": "Max Potion",
                        "access_rules": [ "bat","hyppogriph" ],
                        "item_count": 1
                    }
                ],
                "map_locations": [
                    {
                        "map": "castle",
                        "x": 2321,
                        "y": 953
                    }
                ]
            },
            {

                "name": "Top Floor",
                "sections": [
                    {
                        "name": "Satan ring",
                        "access_rules": [ "bat","hyppogriph" ],
                        "item_count": 1
                    }
                ],
                "map_locations": [
                    {
                        "map": "castle",
                        "x": 2029,
                        "y": 873
                    }
                ]
            },
            {

                "name": "Top Floor",
                "sections": [
                    {
                        "name": "Top Floor secret",
                        "access_rules": [ "bat","hyppogriph" ],
                        "item_count": 1
                    }
                ],
                "map_locations": [
                    {
                        "map": "castle",
                        "x": 1805,
                        "y": 765
                    }
                ]
            },
            {

                "name": "Top Floor",
                "sections": [
                    {
                        "name": "Hyppogriph",
                        "access_rules": [ "bat","hyppogriph" ],
                        "item_count": 1
                    }
                ],
                "map_locations": [
                    {
                        "map": "castle",
                        "x": 2021,
                        "y": 729
                    }
                ]
            },
            {

                "name": "Top Floor",
                "sections": [
                    {
                        "name": "Mana prism",
                        "access_rules": [ "bat","hyppogriph" ],
                        "item_count": 1
                    }
                ],
                "map_locations": [
                    {
                        "map": "castle",
                        "x": 2161,
                        "y": 385
                    }
                ]
            },
            {

                "name": "Top Floor",
                "sections": [
                    {
                        "name": "Kaladbolg",
                        "access_rules": [ "hyppogriph","bat" ],
                        "item_count": 1
                    }
                ],
                "map_locations": [
                    {
                        "map": "castle",
                        "x": 1785,
                        "y": 457
                    }
                ]
            },
            {

                "name": "Top Floor",
                "sections": [
                    {
                        "name": "Under the stairs",
                        "access_rules": [ "hyppogriph","bat" ],
                        "item_count": 1
                    }
                ],
                "map_locations": [
                    {
                        "map": "castle",
                        "x": 1785,
                        "y": 385
                    }
                ]
            }
        ]
    },
    {
        "name": "Forbidden area",
        "color": "#345a99",
        "children": [
            {

                "name": "Behind waterfall",
                "sections": [
                    {
                        "name": "Eversing",
                        "access_rules": [ "skula,djump,undine,rush","skula,djump,{}" ],
                        "item_count": 1
                    }
                ],
                "map_locations": [
                    {
                        "map": "castle",
                        "x": 2341,
                        "y": 2153
                    }
                ]
            },
            {

                "name": "The most enclosed area",
                "sections": [
                    {
                        "name": "Joyeuse",
                        "access_rules": [ "skula,djump,undine,rush" ],
                        "item_count": 1
                    }
                ],
                "map_locations": [
                    {
                        "map": "castle",
                        "x": 2837,
                        "y": 2321
                    }
                ]
            },
            {

                "name": "Forbidden Area's secret",
                "sections": [
                    {
                        "name": "Claimh Solais",
                        "access_rules": [ "skula,djump,undine,rush" ],
                        "item_count": 1
                    }
                ],
                "map_locations": [
                    {
                        "map": "castle",
                        "x": 3137,
                        "y": 2257
                    }
                ]
            }
        ]
    },
    {
        "name": "Clock tower",
        "color": "#158134",
        "children": [
            {
                "name": "Clock Tower",
                "sections": [
                    {
                        "name": "Mystelain",
                        "access_rules": [ "undine,djump", "[],djump", "bat", "hyppogriph" ],
                        "item_count": 1
                    }
                ],
                "map_locations": [
                    {
                        "map": "castle",
                        "x": 2481,
                        "y": 901
                    }
                ]
            },
            {
                "name": "Clock Tower",
                "sections": [
                    {
                        "name": "Death reward + skula",
                        "access_rules": [ "undine,djump", "[],djump", "bat", "hyppogriph" ],
                        "item_count": 2
                    }
                ],
                "map_locations": [
                    {
                        "map": "castle",
                        "x": 2541,
                        "y": 489
                    }
                ]
            },
            {
                "name": "Clock Tower",
                "sections": [
                    {
                        "name": "Pendulum room",
                        "access_rules": [ "undine,djump,skula", "[],djump,skula", "bat,skula", "hyppogriph,skula" ],
                        "item_count": 1
                    }
                ],
                "map_locations": [
                    {
                        "map": "castle",
                        "x": 2765,
                        "y": 1017
                    }
                ]
            },
            {
                "name": "Clock Tower",
                "sections": [
                    {
                        "name": "Pitch Black suit",
                        "access_rules": [ "undine,djump,skula,slide", "[],djump,skula", "bat,skula", "hyppogriph,skula,[]" ],
                        "item_count": 1
                    }
                ],
                "map_locations": [
                    {
                        "map": "castle",
                        "x": 2453,
                        "y": 1177
                    }
                ]
            },
            {
                "name": "Clock Tower",
                "sections": [
                    {
                        "name": "MONEY !",
                        "access_rules": [ "undine,djump", "[],djump", "bat", "hyppogriph" ],
                        "item_count": 1
                    }
                ],
                "map_locations": [
                    {
                        "map": "castle",
                        "x": 2707,
                        "y": 689
                    }
                ]
            }
        ]
    },
    {
        "name": "Underground cemetary",
        "color": "#aa860d",
        "children": [
            {

                "name": "Underground cemetary",
                "sections": [
                    {
                        "name": "Werejaguar room",
                        "access_rules": [ "skula,djump" ],
                        "item_count": 1
                    }
                ],
                "map_locations": [
                    {
                        "map": "castle",
                        "x": 1429,
                        "y": 2456
                    }
                ]
            },
            {

                "name": "Underground cemetary",
                "sections": [
                    {
                        "name": "Treasure after legion",
                        "access_rules": [ "skula,djump" ],
                        "item_count": 1
                    }
                ],
                "map_locations": [
                    {
                        "map": "castle",
                        "x": 2025,
                        "y": 2454
                    }
                ]
            },
            {

                "name": "Underground cemetary",
                "sections": [
                    {
                        "name": "Cagnazzo room",
                        "access_rules": [ "skula,djump" ],
                        "item_count": 1
                    }
                ],
                "map_locations": [
                    {
                        "map": "castle",
                        "x": 2411,
                        "y": 2448
                    }
                ]
            },
            {

                "name": "Underground cemetary",
                "sections": [
                    {
                        "name": "Backstab fest",
                        "access_rules": [ "skula,djump" ],
                        "item_count": 1
                    }
                ],
                "map_locations": [
                    {
                        "map": "castle",
                        "x": 2477,
                        "y": 2520
                    }
                ]
            }
        ]
    },
    {
        "name": "The arena",
        "color": "#02473f",
        "children": [
            {

                "name": "Trapped room",
                "sections": [
                    {
                        "name": "Top right corner",
                        "access_rules": [ "skula,djump" ],
                        "item_count": 1
                    }
                ],
                "map_locations": [
                    {
                        "map": "castle",
                        "x": 821,
                        "y": 1914
                    }
                ]
            },
            {

                "name": "I CAME IN LIKE A WRECKING BAAAALL !!",
                "sections": [
                    {
                        "name": "Lubicante room",
                        "access_rules": [ "skula,djump" ],
                        "item_count": 1
                    }
                ],
                "map_locations": [
                    {
                        "map": "castle",
                        "x": 735,
                        "y": 2160
                    }
                ]
            },
            {

                "name": "Worst room in the game",
                "sections": [
                    {
                        "name": "golden medusa room",
                        "access_rules": [ "skula,djump,bat", "skula,djump,slide" ],
                        "item_count": 1
                    }
                ],
                "map_locations": [
                    {
                        "map": "castle",
                        "x": 733,
                        "y": 2226
                    }
                ]
            },
            {

                "name": "Balore's cave",
                "sections": [
                    {
                        "name": "Giant Bat soul",
                        "access_rules": [ "skula,djump" ],
                        "item_count": 1
                    }
                ],
                "map_locations": [
                    {
                        "map": "castle",
                        "x": 137,
                        "y": 2304
                    }
                ]
            },
            {

                "name": "Fountain",
                "sections": [
                    {
                        "name": "Black Cloak",
                        "access_rules": [ "skula,djump" ],
                        // "access_rules": [ "skula,djump,[],blackp","skula,djump,hyppogriph","skula,djump,bat" ],
                        "item_count": 1
                    }
                ],
                "map_locations": [
                    {
                        "map": "castle",
                        "x": 447,
                        "y": 2064
                    }
                ]
            },
            {

                "name": "Some guarded ring",
                "sections": [
                    {
                        "name": "Creaking skull brother",
                        "access_rules": [ "skula,djump,[],blackp", "skula,djump,hyppogriph", "skula,djump,bat" ],
                        "item_count": 1
                    }
                ],
                "map_locations": [
                    {
                        "map": "castle",
                        "x": 671,
                        "y": 1910

                    }
                ]
            },
            {

                "name": "Red minotaur room",
                "sections": [
                    {
                        "name": "Laevatein",
                        "access_rules": [ "skula,djump" ],
                        "item_count": 1
                    }
                ],
                "map_locations": [
                    {
                        "map": "castle",
                        "x": 379,
                        "y": 1988
                    }
                ]
            },
            {

                "name": "DDR Room",
                "sections": [
                    {
                        "name": "Show me your moves",
                        "access_rules": [ "skula,djump","bat" ],
                        "item_count": 1
                    }
                ],
                "map_locations": [
                    {
                        "map": "castle",
                        "x": 737,
                        "y": 2298
                    }
                ]
            }
        ]
    }


]
      
    
