{
    "name": "Tracker by Rocher",
    "packages": [
        {
            "name": "Castlevania Aria of Sorrow Randomizer",
            "author": "Rocher",
            "game_name": "Castlevania Aria of Sorrow Randomizer",
            "flags": [
                "map",
                "pins",
                "chathud"
            ],
            "version": "1.0",
            "uid": "aos_rando_rocher",
            "link": "https://github.com/RocherBrockas/Aria-of-sorrow/archive/master.zip",
            "variants": [
                {
                    "name": "Map Tracker",
                    "flags": [
                        "map",
                        "pins",
                        "chathud"
                    ]
                }
            ]
        }
    ]
}