{
    "name": "Tracker by Rocher & jat2980",
    "packages": [
        {
            "name": "Castlevania: Aria of Sorrow Randomizer",
            "author": "Rocher, jat2980",
            "game_name": "Castlevania: Aria of Sorrow Randomizer",
            "flags": [
                "map",
                "pins",
                "chathud",
                "autotracker"  
            ],
            "version": "3.0",
            "uid": "aos_rando_rocher",
            "link": "https://rocherbrockas.github.io/Aria-of-sorrow/aos_rando_rocher.zip",
            "variants": [
                {
                    "name": "Standard Map Tracker",
                    "flags": [
                        "map",
                        "pins",
                        "chathud",
                        "autotracker"
                    ]
                }
            ]
        }
    ]
}